{"cameraMode":{"drawMode":0,"name":"Shaded","section":"Shading Mode"},"sceneLighting":true,"audioPlay":false,"sceneViewState":{"m_AlwaysRefresh":false,"showFog":true,"showSkybox":true,"showFlares":true,"showImageEffects":true,"showParticleSystems":true,"showVisualEffectGraphs":true,"m_FxEnabled":true},"in2DMode":false,"pivot":{"x":10.794934272766114,"y":-4.117936611175537,"z":2.8167319297790529},"rotation":{"x":0.11704669147729874,"y":0.8772900104522705,"z":-0.2716751992702484,"w":0.3779655694961548},"size":26.631582260131837,"orthographic":false}