{"cameraMode":{"drawMode":0,"name":"Shaded","section":"Shading Mode"},"sceneLighting":true,"audioPlay":false,"sceneViewState":{"m_AlwaysRefresh":false,"showFog":true,"showSkybox":true,"showFlares":true,"showImageEffects":true,"showParticleSystems":true,"showVisualEffectGraphs":true,"m_FxEnabled":true},"in2DMode":false,"pivot":{"x":-0.07161283493041992,"y":3.806285858154297,"z":-2.4787306785583498},"rotation":{"x":-0.26744797825813296,"y":0.056040845811367038,"z":-0.015580741688609124,"w":-0.9618322849273682},"size":4.999006271362305,"orthographic":false}